{
  "model": "llama-3.2-1b-full",
  "train_runtime": 648.1725,
  "train_samples_per_second": 6.716,
  "train_steps_per_second": 0.417,
  "total_flos": 3.196836943922381e+16,
  "train_loss": 2.0250411830566546
}